fname,lname,gender,age,exercise,hours,grade,address,pretest1,posttest1,pretest2,postest2,pretest3,postest3,gender_num,pretest,posttest,pretest_level,posttest_level
Marcia,Pugh,female,17,3,10,82.4,"9253 Richardson Road, Matawan, NJ 07747",66,87,33,62,51,54,0,50.0,67.66666666666667,Low,Good
Kadeem,Morrison,male,18,4,4,78.2,"33 Spring Dr., Taunton, MA 02780",85,45,71,83,31,75,1,62.333333333333336,67.66666666666667,Medium,Good
Nash,Powell,male,18,5,9,79.3,"41 Hill Avenue, Mentor, OH 44060",40,54,65,49,80,44,1,61.666666666666664,49.0,Medium,Low
Noelani,Wagner,female,14,2,7,83.2,"8839 Marshall St., Miami, FL 33125",79,54,94,92,60,97,0,77.66666666666667,81.0,Excellent,Excellent
Noelani,Cherry,female,18,4,15,87.4,"8304 Charles Rd., Lewis Center, OH 43035",93,51,33,50,42,37,0,56.0,46.0,Low,Low
Neil,Whitley,male,16,5,16,88.7,"40 Washington Ave., Bloomfield, NJ 07003",31,59,70,90,66,92,1,55.666666666666664,80.33333333333333,Low,Excellent
Nelle,Golden,female,17,1,9,80.2,"9768 Hanover Dr., Meadville, PA 16335",53,82,58,77,76,74,0,62.333333333333336,77.66666666666667,Medium,Excellent
Armando,Hoffman,male,17,5,18,95.1,"360 Manor Drive, Northville, MI 48167",43,87,44,79,97,99,1,61.333333333333336,88.33333333333333,Medium,Excellent
Illiana,Rojas,female,15,5,9,76.5,"9425 Studebaker Dr., Thibodaux, LA 70301",45,50,47,88,59,41,0,50.333333333333336,59.666666666666664,Low,Medium
Neil,Wooten,male,15,3,15,89.7,"400 Bridge Court, Soddy Daisy, TN 37379",44,92,81,67,40,34,1,55.0,64.33333333333333,Low,Medium
Daquan,Alvarez,male,16,2,13,85.2,"9028 Arnold Circle, Elizabeth, NJ 07202",79,67,32,90,57,97,1,56.0,84.66666666666667,Low,Excellent
Nola,Velazquez,female,15,2,10,75.3,"72 Bradford Dr., Carlisle, PA 17013",86,91,68,34,43,55,0,65.66666666666667,60.0,Good,Medium
Quinn,Warren,female,14,4,12,80.7,"760 Smith Street, Appleton, WI 54911",94,44,98,38,78,87,0,90.0,56.333333333333336,Excellent,Medium
Frances,Velasquez,female,15,2,15,84.2,"57 Bridge St., Tupelo, MS 38801",54,40,37,91,76,34,0,55.666666666666664,55.0,Low,Low
Lareina,Poole,female,18,1,14,87.6,"59 Court Dr., Waxhaw, NC 28173",76,50,58,70,38,68,0,57.333333333333336,62.666666666666664,Medium,Medium
Medge,Mccarthy,female,15,1,8,75.8,"609 Warren Court, Prior Lake, MN 55372",67,71,92,55,32,48,0,63.666666666666664,58.0,Medium,Medium
Kibo,Gates,male,16,1,10,88.2,"24 Vernon Street, Helena, MT 59601",66,37,97,83,32,54,1,65.0,58.0,Good,Medium
Libby,Guzman,female,19,1,19,100.0,"666 S. Pennington Rd., Dover, NH 03820",52,93,86,47,84,79,0,74.0,73.0,Excellent,Good
Shelly,Rosario,female,18,4,13,84.3,"571 Miles Street, Flowery Branch, GA 30542",46,96,69,53,85,35,0,66.66666666666667,61.333333333333336,Good,Medium
Lane,Tate,male,19,4,11,84.2,"4 Old Westport St., Glen Burnie, MD 21060",51,44,59,30,65,99,1,58.333333333333336,57.666666666666664,Medium,Medium
Isadora,Case,female,18,3,11,79.1,"44 Ocean Lane, Appleton, WI 54911",43,43,59,79,60,70,0,54.0,64.0,Low,Medium
Maggy,Whitfield,female,15,1,15,90.5,"2 Henry Ave., Palm Bay, FL 32907",53,52,38,44,48,52,0,46.333333333333336,49.333333333333336,Low,Low
Elton,Wagner,male,16,2,9,71.0,"98 Indian Spring St., Athens, GA 30605",41,47,50,40,31,74,1,40.666666666666664,53.666666666666664,Low,Low
Lance,Benjamin,male,14,5,18,90.3,"55 Creek Dr., Lorton, VA 22079",41,83,50,85,54,81,1,48.333333333333336,83.0,Low,Excellent
Kyle,Skinner,male,17,5,6,82.4,"8593 East Branch St., Mooresville, NC 28115",66,36,82,33,89,32,1,79.0,33.666666666666664,Excellent,Low
Colin,Cohen,male,14,1,10,83.8,"23 Lakewood Street, Lake Worth, FL 33460",52,82,32,58,97,78,1,60.333333333333336,72.66666666666667,Medium,Good
Solomon,Mcpherson,male,15,5,18,94.5,"7465 North Pearl St., Massapequa Park, NY 11762",94,71,91,34,93,34,1,92.66666666666667,46.333333333333336,Excellent,Low
Ulla,Warren,female,18,1,16,83.5,"89 Fairview Avenue, Hopkins, MN 55343",46,88,70,98,81,89,0,65.66666666666667,91.66666666666667,Good,Excellent
Tyler,Collier,male,16,1,9,69.7,"65 Lookout Street, Marshfield, WI 54449",71,86,79,61,45,58,1,65.0,68.33333333333333,Good,Good
Emma,Mccall,female,16,2,13,91.1,"854 Sussex Street, Westford, MA 01886",42,32,95,45,58,82,0,65.0,53.0,Good,Low
Isaiah,Newman,male,16,2,12,91.9,"12 Shirley Road, Everett, MA 02149",40,41,59,59,100,60,1,66.33333333333333,53.333333333333336,Good,Low
Carol,Acosta,female,16,3,13,85.0,"8459 Windfall St., Navarre, FL 32566",83,60,55,45,68,56,0,68.66666666666667,53.666666666666664,Good,Low
Georgia,Munoz,female,14,5,20,99.0,"84 New Saddle St., Revere, MA 02151",88,58,83,82,37,99,0,69.33333333333333,79.66666666666667,Good,Excellent
Doris,Melendez,female,17,5,12,93.2,"8 Euclid Drive, Bel Air, MD 21014",66,37,62,81,95,75,0,74.33333333333333,64.33333333333333,Excellent,Medium
Eric,Larsen,male,14,2,11,71.9,"366 State Ave., Hendersonville, NC 28792",68,81,41,84,69,33,1,59.333333333333336,66.0,Medium,Good
Cain,Sexton,male,16,3,8,85.3,"9370 Green Hill Dr., Beaver Falls, PA 15010",94,86,69,78,74,30,1,79.0,64.66666666666667,Excellent,Good
Ivor,Arnold,male,19,4,20,100.0,"7027 Magnolia Dr., Catonsville, MD 21228",31,61,61,88,62,82,1,51.333333333333336,77.0,Low,Excellent
Devin,Jacobs,male,14,3,14,98.1,"9033 NW. Pleasant St., Salisbury, MD 21801",74,33,92,72,60,62,1,75.33333333333333,55.666666666666664,Excellent,Low
Rebekah,Brock,female,16,2,5,68.9,"74 Gonzales Court, Natchez, MS 39120",34,79,36,42,63,71,0,44.333333333333336,64.0,Low,Medium
Cameran,Sears,female,14,4,8,75.4,"6 S. Edgewater Ave., Royersford, PA 19468",52,86,40,40,35,35,0,42.333333333333336,53.666666666666664,Low,Low
Norman,Cunningham,male,17,2,10,76.8,"8365 Liberty Street, Miami, FL 33125",69,39,77,92,51,53,1,65.66666666666667,61.333333333333336,Good,Medium
Lenore,Copeland,female,14,4,8,74.0,"74 Howard Ave., Southfield, MI 48076",49,84,73,59,96,30,0,72.66666666666667,57.666666666666664,Good,Medium
Keelie,Guerrero,female,15,1,12,81.0,"221 Walt Whitman Court, Redondo Beach, CA 90278",63,77,55,93,46,85,0,54.666666666666664,85.0,Low,Excellent
Hilel,Hamilton,male,15,2,17,95.2,"9761 Lexington Street, Littleton, CO 80123",65,34,31,36,34,71,1,43.333333333333336,47.0,Low,Low
Dolan,Ford,male,14,3,3,64.2,"12 New St., Newark, NJ 07103",99,93,65,55,99,98,1,87.66666666666667,82.0,Excellent,Excellent
Rhea,Melton,female,18,5,12,95.0,"9210 Fawn Drive, South Richmond Hill, NY 11419",83,59,92,36,52,80,0,75.66666666666667,58.333333333333336,Excellent,Medium
Fulton,Castaneda,male,14,3,10,71.2,"956 East Street, Hamburg, NY 14075",76,72,60,93,80,86,1,72.0,83.66666666666667,Good,Excellent
Kiayada,Bullock,female,18,3,11,74.9,"613 Peg Shop Court, Yuma, AZ 85365",49,56,90,55,82,44,0,73.66666666666667,51.666666666666664,Excellent,Low
Aurelia,Clayton,female,14,5,3,72.1,"81 High Ave., Bear, DE 19701",37,58,44,91,30,83,0,37.0,77.33333333333333,Low,Excellent
Nero,Klein,male,18,2,10,87.8,"164 Lakeview St., Port Chester, NY 10573",58,95,34,80,37,83,1,43.0,86.0,Low,Excellent
Aladdin,Chambers,male,19,4,11,82.6,"838 Magnolia Drive, Arlington, MA 02474",62,97,39,65,88,89,1,63.0,83.66666666666667,Medium,Excellent
Beau,Goff,male,19,2,15,85.1,"848 Creekside Road, Germantown, MD 20874",71,66,85,53,81,51,1,79.0,56.666666666666664,Excellent,Medium
Octavius,Walker,male,15,2,11,81.3,"568 Longfellow Street, Garland, TX 75043",52,53,78,63,52,77,1,60.666666666666664,64.33333333333333,Medium,Medium
Allen,Livingston,male,18,5,13,89.4,"399 Pheasant Drive, Natick, MA 01760",74,90,53,56,59,92,1,62.0,79.33333333333333,Medium,Excellent
Basil,Fuller,male,16,3,9,86.4,"8216 Constitution Street, Romulus, MI 48174",96,57,68,98,100,31,1,88.0,62.0,Excellent,Medium
Reese,Kline,male,16,4,11,83.5,"105 Pineknoll Drive, Shirley, NY 11967",71,73,82,82,81,79,1,78.0,78.0,Excellent,Excellent
Tate,Dunlap,male,17,2,6,67.7,"256 High Street, Youngstown, OH 44512",84,100,60,34,30,78,1,58.0,70.66666666666667,Medium,Good
Jonah,Sosa,male,14,5,12,89.9,"197 Joy Ridge St., Trussville, AL 35173",54,49,57,70,77,32,1,62.666666666666664,50.333333333333336,Medium,Low
Ingrid,Harvey,female,16,5,5,72.6,"399 Sussex St., Bowling Green, KY 42101",96,92,43,95,73,56,0,70.66666666666667,81.0,Good,Excellent
Tanner,Vaughn,male,17,4,11,89.1,"9707 Saxton Drive, New Brunswick, NJ 08901",97,61,61,41,64,80,1,74.0,60.666666666666664,Excellent,Medium
Oleg,Mooney,male,16,3,10,71.3,"89 Redwood Street, Virginia Beach, VA 23451",71,64,70,49,51,65,1,64.0,59.333333333333336,Medium,Medium
Piper,Lowery,female,19,2,5,61.4,"345 Greenrose Dr., Feasterville Trevose, PA 19053",78,34,86,79,53,59,0,72.33333333333333,57.333333333333336,Good,Medium
Genevieve,Adkins,female,15,1,8,67.3,"8480 Aspen Street, Chesterton, IN 46304",52,69,31,52,82,43,0,55.0,54.666666666666664,Low,Low
Lilah,Roman,female,19,4,9,85.9,"292 Devonshire Ave., Emporia, KS 66801",91,74,65,60,71,92,0,75.66666666666667,75.33333333333333,Excellent,Excellent
Illiana,Thompson,female,15,3,17,86.0,"7156 Crescent Street, South Windsor, CT 06074",92,36,40,37,94,63,0,75.33333333333333,45.333333333333336,Excellent,Low
Warren,Pope,male,18,4,5,76.3,"234 East San Pablo St., Mount Laurel, NJ 08054",98,69,95,70,100,65,1,97.66666666666667,68.0,Excellent,Good
Regan,Foley,female,16,2,9,77.4,"115 Gainsway St., Suitland, MD 20746",92,44,61,60,80,52,0,77.66666666666667,52.0,Excellent,Low
Justin,Morris,male,19,5,10,77.5,"8221 Griffin Street, Macungie, PA 18062",94,96,92,89,73,69,1,86.33333333333333,84.66666666666667,Excellent,Excellent
Isaiah,Patrick,male,19,4,3,65.3,"7103 Oak Street, Pikesville, MD 21208",72,42,43,87,84,89,1,66.33333333333333,72.66666666666667,Good,Good
Daryl,Benson,female,19,1,18,93.8,"583 Border St., Dunedin, FL 34698",79,40,86,87,83,99,0,82.66666666666667,75.33333333333333,Excellent,Excellent
Barbara,Berger,female,16,3,12,82.7,"99 Thompson Road, Harlingen, TX 78552",62,70,94,92,64,95,0,73.33333333333333,85.66666666666667,Excellent,Excellent
Christine,Briggs,female,14,5,18,91.9,"88 Magnolia Street, Hamden, CT 06514",73,79,56,84,40,33,0,56.333333333333336,65.33333333333333,Medium,Good
Iola,Bowers,female,19,3,11,88.4,"7647 Galvin St., Lake In The Hills, IL 60156",73,90,85,47,85,59,0,81.0,65.33333333333333,Excellent,Good
Lars,Oconnor,male,18,4,8,67.9,"9 Race Court, West Roxbury, MA 02132",31,58,100,57,41,57,1,57.333333333333336,57.333333333333336,Medium,Medium
Jaden,Maldonado,female,16,4,10,84.5,"8127 Myers Dr., Johnson City, TN 37601",50,56,88,77,60,43,0,66.0,58.666666666666664,Good,Medium
Signe,Lopez,female,18,2,13,76.7,"5 Gonzales St., Bettendorf, IA 52722",85,42,52,35,84,55,0,73.66666666666667,44.0,Excellent,Low
Deanna,Warren,female,19,1,9,83.2,"618 Goldfield Rd., Aiken, SC 29803",79,38,72,79,53,68,0,68.0,61.666666666666664,Good,Medium
Quemby,Justice,female,14,2,17,100.0,"346 Birchpond Court, Decatur, GA 30030",86,74,59,50,60,77,0,68.33333333333333,67.0,Good,Good
Shafira,Guthrie,female,17,4,12,85.3,"618 Buckingham Ave., Langhorne, PA 19047",77,69,32,63,83,96,0,64.0,76.0,Medium,Excellent
Ariana,Pacheco,female,17,1,5,70.9,"8914 Newbridge Lane, New Castle, PA 16101",31,41,34,90,85,83,0,50.0,71.33333333333333,Low,Good
Hoyt,Lyons,male,16,5,1,71.3,"720 Linden Street, Springfield Gardens, NY 11413",76,63,78,42,98,82,1,84.0,62.333333333333336,Excellent,Medium
Justin,Holden,male,18,3,17,83.5,"15 South Third Drive, Coachella, CA 92236",73,58,92,71,50,45,1,71.66666666666667,58.0,Good,Medium
Phelan,Rich,male,16,1,6,74.9,"72 Jockey Hollow Ave., Winston Salem, NC 27103",76,75,39,61,46,39,1,53.666666666666664,58.333333333333336,Low,Medium
Honorato,Villarreal,male,14,1,12,73.3,"63 Woodside Avenue, Round Lake, IL 60073",92,43,59,41,99,65,1,83.33333333333333,49.666666666666664,Excellent,Low
Hashim,Hopkins,male,18,3,10,77.9,"7459 Cedarwood St., West Chester, PA 19380",92,88,42,93,76,78,1,70.0,86.33333333333333,Good,Excellent
Porter,Ware,male,14,1,16,90.4,"52 Shirley Drive, Merrick, NY 11566",31,97,68,65,57,36,1,52.0,66.0,Low,Good
Joan,Sexton,female,18,5,18,96.6,"642 West Sussex St., Honolulu, HI 96815",65,61,42,53,59,69,0,55.333333333333336,61.0,Low,Medium
Alexa,Gutierrez,female,17,4,6,81.2,"59 Foster Ave., Auburndale, FL 33823",77,89,38,59,39,50,0,51.333333333333336,66.0,Low,Good
Sean,Molina,male,17,1,8,67.7,"8950 Sycamore Dr., Roswell, GA 30075",38,36,30,30,39,87,1,35.666666666666664,51.0,Low,Low
Lucius,Herrera,male,14,2,19,88.0,"67 Old Clinton Dr., Lynn, MA 01902",55,69,94,60,36,77,1,61.666666666666664,68.66666666666667,Medium,Good
Sydnee,Campbell,female,18,2,15,99.4,"64 Hill Field Ave., Kennesaw, GA 30144",78,37,72,47,42,98,0,64.0,60.666666666666664,Medium,Medium
Allistair,Rosales,male,14,4,3,67.0,"7825 Dogwood Dr., Norman, OK 73072",71,49,57,77,32,44,1,53.333333333333336,56.666666666666664,Low,Medium
Alyssa,Craig,female,19,5,11,93.0,"9533 Big Rock Cove Street, Morgantown, WV 26508",49,84,95,62,33,58,0,59.0,68.0,Medium,Good
Cody,Lara,male,18,1,6,69.0,"12 South Crescent Street, Mason, OH 45040",56,33,35,63,90,91,1,60.333333333333336,62.333333333333336,Medium,Medium
Bernard,Mcconnell,male,14,2,10,78.3,"571 Acacia St., Smyrna, GA 30080",30,38,51,56,61,64,1,47.333333333333336,52.666666666666664,Low,Low
Jonah,Mckinney,male,15,2,11,74.9,"644 Walnutwood Street, Rock Hill, SC 29730",52,77,58,32,31,81,1,47.0,63.333333333333336,Low,Medium
Yen,Cooke,female,14,4,11,87.9,"54 Eagle Dr., Rocklin, CA 95677",62,68,87,41,40,88,0,63.0,65.66666666666667,Medium,Good
Cassidy,Hughes,female,15,3,17,92.0,"656 East Road, Hampton, VA 23666",96,55,69,60,39,93,0,68.0,69.33333333333333,Good,Good
Gisela,Johnston,female,19,1,8,68.0,"534 N. Belmont Avenue, Tualatin, OR 97062",75,53,60,51,85,61,0,73.33333333333333,55.0,Excellent,Low
Yetta,Howell,female,17,3,13,89.2,"348 Tailwater Lane, Hilliard, OH 43026",68,80,35,39,81,51,0,61.333333333333336,56.666666666666664,Medium,Medium
Gabriel,Morton,male,16,2,15,91.3,"23 Circle Street, Reno, NV 89523",36,97,44,68,61,75,1,47.0,80.0,Low,Excellent
Sage,Cleveland,female,19,2,20,100.0,"9721B Green Dr., Fairhope, AL 36532",34,49,52,31,92,55,0,59.333333333333336,45.0,Medium,Low
Shannon,Key,female,15,1,11,83.7,"242 Littleton Rd., Flemington, NJ 08822",76,94,64,68,65,58,0,68.33333333333333,73.33333333333333,Good,Excellent
Sigourney,Mitchell,female,14,2,12,82.5,"7923 8th Rd., Norristown, PA 19401",61,67,30,48,61,79,0,50.666666666666664,64.66666666666667,Low,Good
Adrienne,Klein,female,18,3,12,77.3,"8653 Santa Clara Street, Columbus, GA 31904",78,48,55,48,96,39,0,76.33333333333333,45.0,Excellent,Low
Chaney,Hoffman,male,14,3,13,93.6,"9152 Glenwood Ave., New Rochelle, NY 10801",89,90,53,42,78,73,1,73.33333333333333,68.33333333333333,Excellent,Good
Fritz,Park,male,14,2,18,93.2,"9991 Parker Court, Lansdowne, PA 19050",73,84,82,49,81,36,1,78.66666666666667,56.333333333333336,Excellent,Medium
Clinton,Donaldson,male,16,5,10,88.4,"96 Shipley Ave., Evans, GA 30809",76,42,43,93,67,81,1,62.0,72.0,Medium,Good
Lara,Haley,female,17,5,12,95.6,"7586 Oakwood Lane, Winter Garden, FL 34787",53,70,31,96,46,69,0,43.333333333333336,78.33333333333333,Low,Excellent
Sophia,Gordon,female,19,4,17,100.0,"7672 Smoky Hollow Street, Hillsboro, OR 97124",51,98,50,90,65,85,0,55.333333333333336,91.0,Low,Excellent
Kaye,Howard,female,19,5,13,94.9,"7890 Pin Oak Court, Norwood, MA 02062",64,79,48,83,91,98,0,67.66666666666667,86.66666666666667,Good,Excellent
Quinlan,Rollins,male,15,5,8,73.3,"77 Tower St., Carmel, NY 10512",94,88,47,38,55,91,1,65.33333333333333,72.33333333333333,Good,Good
Xanthus,Barlow,male,19,5,16,95.5,"92 Franklin Ave., Deltona, FL 32725",84,99,31,91,72,36,1,62.333333333333336,75.33333333333333,Medium,Excellent
Hamilton,Terrell,male,15,5,16,96.6,"39 Lookout St., Highland, IN 46322",34,41,98,90,66,62,1,66.0,64.33333333333333,Good,Medium
Zeus,Ratliff,male,14,2,16,88.8,"8644 SW. Delaware St., Peabody, MA 01960",53,91,77,82,38,63,1,56.0,78.66666666666667,Low,Excellent
Valentine,Osborne,male,19,5,12,92.2,"8 South Chapel St., Elyria, OH 44035",74,43,42,31,75,75,1,63.666666666666664,49.666666666666664,Medium,Low
Zahir,Watkins,male,14,2,14,92.0,"9820 Church Ave., Newnan, GA 30263",49,64,47,98,65,81,1,53.666666666666664,81.0,Low,Excellent
Debra,Wilkerson,female,16,4,5,66.3,"48 Race Dr., Cumming, GA 30040",30,77,80,74,73,30,0,61.0,60.333333333333336,Medium,Medium
Clio,Wilson,female,14,1,5,65.3,"8020 E. Hilldale Drive, East Hartford, CT 06118",47,81,66,80,44,82,0,52.333333333333336,81.0,Low,Excellent
Cathleen,Hayden,female,18,4,3,73.4,"55 N. Ryan St., New Orleans, LA 70115",34,74,52,38,30,35,0,38.666666666666664,49.0,Low,Low
Yolanda,Vaughan,female,14,2,15,94.0,"7244 Sutor Court, Canton, GA 30114",84,69,54,47,92,60,0,76.66666666666667,58.666666666666664,Excellent,Medium
Guinevere,Romero,female,18,5,14,84.2,"9123 East Hill St., Mason, OH 45040",40,59,36,34,89,51,0,55.0,48.0,Low,Low
Keelie,Rice,female,19,4,9,88.4,"9906 Lakewood Court, Warren, MI 48089",81,80,41,50,35,66,0,52.333333333333336,65.33333333333333,Low,Good
Bethany,Sullivan,female,15,3,9,73.1,"984 10th St., High Point, NC 27265",47,37,36,68,69,76,0,50.666666666666664,60.333333333333336,Low,Medium
Salvador,Gray,male,14,1,13,84.2,"677 Talbot Street, Shepherdsville, KY 40165",62,54,84,87,36,80,1,60.666666666666664,73.66666666666667,Medium,Excellent
Violet,Jennings,female,14,1,5,62.6,"9950 Liberty St., Bloomington, IN 47401",75,38,84,62,56,36,0,71.66666666666667,45.333333333333336,Good,Low
Lewis,Jones,male,15,5,11,92.6,"520 Taylor St., Kalamazoo, MI 49009",67,34,81,73,93,73,1,80.33333333333333,60.0,Excellent,Medium
Lunea,Mcfadden,female,17,1,17,91.6,"8416 Hill Field Street, Valrico, FL 33594",97,70,61,91,77,99,0,78.33333333333333,86.66666666666667,Excellent,Excellent
Shaeleigh,Clayton,female,19,2,12,92.4,"7388 West Branch Dr., Upland, CA 91784",48,34,78,45,70,95,0,65.33333333333333,58.0,Good,Medium
Nathan,Payne,male,15,1,8,79.1,"73 East Pheasant St., Sugar Land, TX 77478",68,30,40,91,99,63,1,69.0,61.333333333333336,Good,Medium
Stella,Smith,female,14,1,6,76.2,"394 Tunnel Court, Clarksburg, WV 26301",100,77,46,92,57,41,0,67.66666666666667,70.0,Good,Good
Kelly,Shannon,male,18,5,14,90.9,"1 Kirkland Ave., Whitestone, NY 11357",48,80,53,63,35,56,1,45.333333333333336,66.33333333333333,Low,Good
Yael,Mcdowell,female,18,3,16,85.2,"42 Whitemarsh Dr., Kings Mountain, NC 28086",84,100,58,60,75,92,0,72.33333333333333,84.0,Good,Excellent
Zena,Schultz,female,19,3,12,80.1,"149 Wintergreen Street, Crystal Lake, IL 60014",30,74,65,51,50,96,0,48.333333333333336,73.66666666666667,Low,Excellent
Chaney,Harrington,male,19,4,11,89.3,"87 Highland Street, Ridgecrest, CA 93555",79,87,38,67,33,42,1,50.0,65.33333333333333,Low,Good
Conan,Wall,male,19,3,6,66.8,"9590 Bohemia Road, King Of Prussia, PA 19406",94,70,95,59,35,54,1,74.66666666666667,61.0,Excellent,Medium
Jamalia,Bowman,female,16,1,13,77.8,"54 Devonshire Drive, Farmington, MI 48331",51,65,46,45,36,95,0,44.333333333333336,68.33333333333333,Low,Good
Shana,Castro,female,14,1,14,95.0,"62 Studebaker Street, Bloomington, IN 47401",96,66,56,78,75,47,0,75.66666666666667,63.666666666666664,Excellent,Medium
Merrill,Duran,male,17,2,10,76.3,"9049 Rockwell Street, Merrillville, IN 46410",100,60,52,33,97,49,1,83.0,47.333333333333336,Excellent,Low
Gregory,Lawrence,male,19,3,14,86.8,"6 North Bohemia Dr., Stockbridge, GA 30281",84,83,84,32,34,54,1,67.33333333333333,56.333333333333336,Good,Medium
Rebecca,Bird,female,19,2,7,82.5,"9919 Campfire St., Ottawa, IL 61350",82,92,98,56,98,65,0,92.66666666666667,71.0,Excellent,Good
Sheila,Koch,female,15,5,13,97.1,"8254 Nicolls Drive, Canandaigua, NY 14424",52,66,74,89,45,73,0,57.0,76.0,Medium,Excellent
Dane,Flynn,male,18,5,12,87.4,"208 West James Road, Jonesboro, GA 30236",34,37,70,54,85,77,1,63.0,56.0,Medium,Low
Connor,Salas,male,19,5,17,90.7,"207 Dogwood Ave., Yonkers, NY 10701",41,38,98,90,80,51,1,73.0,59.666666666666664,Good,Medium
Baxter,Hardy,male,14,5,9,75.1,"55 West Foster St., Vineland, NJ 08360",74,52,30,73,99,63,1,67.66666666666667,62.666666666666664,Good,Medium
Jorden,Sharp,female,17,4,12,90.2,"967 Grove Road, Coram, NY 11727",45,52,47,38,87,41,0,59.666666666666664,43.666666666666664,Medium,Low
Hu,Weber,male,17,3,9,84.2,"916 East Edgewood Street, Ridgefield, CT 06877",52,69,65,51,83,65,1,66.66666666666667,61.666666666666664,Good,Medium
Maite,Walters,female,16,3,10,74.0,"5 Gainsway Street, Xenia, OH 45385",69,73,68,34,32,96,0,56.333333333333336,67.66666666666667,Medium,Good
Alfreda,Mays,female,15,4,7,71.6,"58 Pine St., Altamonte Springs, FL 32714",74,69,34,95,80,62,0,62.666666666666664,75.33333333333333,Medium,Excellent
Dexter,Wells,male,16,3,5,68.9,"50 Bow Ridge Street, Beckley, WV 25801",76,80,90,85,34,62,1,66.66666666666667,75.66666666666667,Good,Excellent
Sawyer,Hart,male,19,4,8,69.4,"8438 N. Bowman Lane, Hernando, MS 38632",68,32,75,74,82,64,1,75.0,56.666666666666664,Excellent,Medium
Maggie,Rich,female,19,2,11,77.3,"9188 Albany Ave., Goshen, IN 46526",36,73,35,84,69,31,0,46.666666666666664,62.666666666666664,Low,Medium
Hashim,Callahan,male,16,1,11,71.8,"56 Plymouth Drive, Buffalo, NY 14215",62,76,40,73,76,98,1,59.333333333333336,82.33333333333333,Medium,Excellent
Darius,Gilbert,male,19,3,9,86.3,"1 Grand Street, Fairburn, GA 30213",49,85,73,74,71,39,1,64.33333333333333,66.0,Medium,Good
Rosalyn,Le,female,18,1,14,88.3,"18 Princess Road, Mocksville, NC 27028",79,80,51,93,39,76,0,56.333333333333336,83.0,Medium,Excellent
Jordan,Holt,male,18,3,4,72.1,"4 North Nichols Rd., Ronkonkoma, NY 11779",73,58,72,77,57,95,1,67.33333333333333,76.66666666666667,Good,Excellent
Chase,Flynn,male,19,3,7,81.1,"8260 Lakewood Ave., Hackensack, NJ 07601",35,58,59,33,93,54,1,62.333333333333336,48.333333333333336,Medium,Low
Jane,Welch,female,15,3,16,93.7,"400 Glenridge St., Baton Rouge, LA 70806",36,53,95,63,89,79,0,73.33333333333333,65.0,Excellent,Good
Grant,Strickland,male,19,1,6,79.0,"943 Walt Whitman Avenue, Lake Charles, LA 70605",62,39,54,85,72,75,1,62.666666666666664,66.33333333333333,Medium,Good
Darius,Miranda,male,19,1,16,93.3,"771 N. Victoria Dr., Alabaster, AL 35007",100,61,92,98,86,95,1,92.66666666666667,84.66666666666667,Excellent,Excellent
Arthur,Pacheco,male,15,3,14,96.9,"704 E. Hill Field Dr., West Lafayette, IN 47906",82,58,74,73,56,72,1,70.66666666666667,67.66666666666667,Good,Good
Hedda,Ramos,female,16,5,5,82.3,"911 Blue Spring Lane, Whitestone, NY 11357",30,89,38,37,68,73,0,45.333333333333336,66.33333333333333,Low,Good
Farrah,Palmer,female,15,5,11,91.3,"8718 Ocean St., Olney, MD 20832",88,95,79,44,76,31,0,81.0,56.666666666666664,Excellent,Medium
Bree,Weaver,female,16,4,12,83.3,"7850 Somerset St., Peoria, IL 61604",98,62,46,75,79,82,0,74.33333333333333,73.0,Excellent,Good
Elton,Preston,male,17,4,20,97.8,"64 St Paul Drive, Fair Lawn, NJ 07410",55,80,62,43,77,48,1,64.66666666666667,57.0,Good,Medium
Ciaran,Johns,male,16,4,15,100.0,"7350 Creek Avenue, Upper Marlboro, MD 20772",84,70,80,82,44,96,1,69.33333333333333,82.66666666666667,Good,Excellent
Miranda,Le,female,19,3,10,80.6,"8235 Birchpond Dr., Glen Burnie, MD 21060",84,89,60,65,40,99,0,61.333333333333336,84.33333333333333,Medium,Excellent
Geraldine,Farrell,female,16,3,10,84.9,"962 E. Kent Ave., Riverside, NJ 08075",41,54,45,41,62,42,0,49.333333333333336,45.666666666666664,Low,Low
Callie,Hoffman,female,15,3,9,71.9,"183 N. Brickell Lane, West Chicago, IL 60185",88,34,90,93,39,49,0,72.33333333333333,58.666666666666664,Good,Medium
Jelani,Kaufman,male,14,3,14,94.1,"993 Columbia St., Cartersville, GA 30120",77,55,98,39,58,61,1,77.66666666666667,51.666666666666664,Excellent,Low
Solomon,Rosales,male,19,3,17,91.1,"9187 Park Dr., Irmo, SC 29063",85,85,54,78,89,34,1,76.0,65.66666666666667,Excellent,Good
Callie,Washington,female,17,2,7,77.0,"9 Griffin Street, Wyandotte, MI 48192",33,65,54,65,81,90,0,56.0,73.33333333333333,Low,Excellent
Carson,Meadows,male,17,5,8,75.4,"5 S. Henry St., Glen Allen, VA 23059",63,50,78,94,35,54,1,58.666666666666664,66.0,Medium,Good
Joseph,Mclean,male,16,1,14,81.8,"8407 E. Bayberry St., Sioux Falls, SD 57103",32,56,75,70,98,78,1,68.33333333333333,68.0,Good,Good
Britanni,Tucker,female,19,1,13,89.7,"74 South Fairway Street, Hialeah, FL 33010",33,54,66,91,86,51,0,61.666666666666664,65.33333333333333,Medium,Good
Raja,Stuart,male,14,1,13,82.5,"8 Greenview St., Paramus, NJ 07652",55,93,46,89,93,94,1,64.66666666666667,92.0,Good,Excellent
Quail,Bonner,female,18,5,6,68.0,"28 Hamilton Lane, Palos Verdes Peninsula, CA 90274",87,85,42,48,88,94,0,72.33333333333333,75.66666666666667,Good,Excellent
Dana,Deleon,female,18,1,14,82.7,"8681 Lake Forest Avenue, Williamsport, PA 17701",88,34,39,53,67,68,0,64.66666666666667,51.666666666666664,Good,Low
Evangeline,Cox,female,14,5,13,88.9,"9677 2nd Avenue, North Tonawanda, NY 14120",50,54,67,91,71,92,0,62.666666666666664,79.0,Medium,Excellent
Slade,Padilla,male,17,5,16,93.1,"1 South Oak Valley Dr., Bergenfield, NJ 07621",68,45,72,47,72,95,1,70.66666666666667,62.333333333333336,Good,Medium
Latifah,Daugherty,female,18,5,6,81.0,"282 La Sierra St., Charleston, SC 29406",67,34,78,100,49,94,0,64.66666666666667,76.0,Good,Excellent
Beverly,Benson,female,14,4,17,89.7,"7 Lilac Ave., Flint, MI 48504",80,53,80,56,60,42,0,73.33333333333333,50.333333333333336,Excellent,Low
Solomon,Beach,male,14,4,13,90.3,"33 Snake Hill Rd., Everett, MA 02149",48,77,50,86,76,85,1,58.0,82.66666666666667,Medium,Excellent
Nyssa,George,female,19,2,10,80.2,"482 Winding Way Ave., Union, NJ 07083",60,62,76,68,44,47,0,60.0,59.0,Medium,Medium
Lars,David,male,14,1,16,84.3,"8309 Leatherwood Road, Paducah, KY 42001",41,68,72,87,54,41,1,55.666666666666664,65.33333333333333,Low,Good
Halla,Newman,female,16,3,8,80.5,"8477 Victoria Road, Muskego, WI 53150",82,88,73,49,63,70,0,72.66666666666667,69.0,Good,Good
Gay,Wagner,female,17,4,7,75.0,"7368 Sugar Ave., Flint, MI 48504",58,91,67,48,76,72,0,67.0,70.33333333333333,Good,Good
Ariana,Hess,female,15,4,14,99.1,"6 Joy Ridge St., Auburndale, FL 33823",79,86,98,68,70,86,0,82.33333333333333,80.0,Excellent,Excellent
Victor,Mcdonald,male,15,2,11,76.4,"441 Mammoth Street, Quakertown, PA 18951",46,43,67,58,49,39,1,54.0,46.666666666666664,Low,Low
Jocelyn,Brock,female,15,2,7,72.7,"347 Sherwood Drive, Medina, OH 44256",81,58,57,49,60,58,0,66.0,55.0,Good,Low
Hoyt,Salazar,male,19,4,14,89.9,"889 Sunnyslope Avenue, Maryville, TN 37803",78,37,74,43,95,97,1,82.33333333333333,59.0,Excellent,Medium
Mohammad,Drake,male,18,2,18,99.6,"40 Oak Valley St., Tupelo, MS 38801",33,74,76,55,44,33,1,51.0,54.0,Low,Low
Russell,Eaton,male,17,4,9,73.4,"8027 Somerset Lane, Cincinnati, OH 45211",54,95,37,77,53,50,1,48.0,74.0,Low,Excellent
Chava,Carey,female,18,4,14,91.5,"601 Creekside Lane, Wethersfield, CT 06109",93,43,34,30,32,61,0,53.0,44.666666666666664,Low,Low
Danielle,Wade,female,19,2,6,64.3,"9939 Rockwell Court, Youngstown, OH 44512",73,75,73,47,54,50,0,66.66666666666667,57.333333333333336,Good,Medium
Hector,Aguilar,male,14,1,9,68.8,"23 W. Pulaski Lane, Teaneck, NJ 07666",85,46,40,42,71,44,1,65.33333333333333,44.0,Good,Low
Ocean,Koch,female,19,4,12,88.0,"598 Shadow Brook Street, Glenside, PA 19038",90,49,65,51,42,59,0,65.66666666666667,53.0,Good,Low
Jescie,Snyder,female,17,3,5,77.0,"7882 East Harvard St., Lincoln Park, MI 48146",39,93,90,68,35,78,0,54.666666666666664,79.66666666666667,Low,Excellent
Ciara,Burris,female,18,4,14,88.0,"8254 Beacon St., Southampton, PA 18966",90,76,31,38,84,87,0,68.33333333333333,67.0,Good,Good
Nigel,Morris,male,16,2,11,77.0,"917 Oak St., Marshalltown, IA 50158",47,80,71,80,53,80,1,57.0,80.0,Medium,Excellent
Michelle,Webster,female,19,1,11,90.3,"7776 Canterbury Rd., Alpharetta, GA 30004",68,61,94,83,84,85,0,82.0,76.33333333333333,Excellent,Excellent
Maris,Holt,female,14,2,6,68.2,"978 Iroquois Court, Parkville, MD 21234",60,43,39,33,57,69,0,52.0,48.333333333333336,Low,Low
Jarrod,Calderon,male,19,1,12,79.6,"19 3rd Drive, Jupiter, FL 33458",70,91,63,73,83,52,1,72.0,72.0,Good,Good
Hanna,Rose,female,14,3,15,90.8,"4 Pheasant Ave., Somerset, NJ 08873",70,40,81,84,47,38,0,66.0,54.0,Good,Low
Timon,Goodman,male,19,4,20,98.0,"3 North Rockaway Ave., Uniontown, PA 15401",83,58,49,68,52,42,1,61.333333333333336,56.0,Medium,Low
Ginger,Stevens,female,18,1,14,84.6,"959 Cardinal Court, Egg Harbor Township, NJ 08234",46,100,69,97,34,37,0,49.666666666666664,78.0,Low,Excellent
Nathan,Gonzales,male,16,1,8,74.3,"7 Front Rd., Shepherdsville, KY 40165",69,74,91,59,99,100,1,86.33333333333333,77.66666666666667,Excellent,Excellent
Madaline,Ayala,female,15,1,8,78.2,"4 Ashley Street, Venice, FL 34293",45,69,40,71,52,97,0,45.666666666666664,79.0,Low,Excellent
Dante,Malone,male,18,4,12,87.3,"7 Wall St., Smyrna, GA 30080",97,45,86,85,96,45,1,93.0,58.333333333333336,Excellent,Medium
Colette,Workman,female,15,2,12,81.1,"467 Richardson Ave., Edison, NJ 08817",65,90,91,72,82,88,0,79.33333333333333,83.33333333333333,Excellent,Excellent
Keith,Zimmerman,male,14,3,10,86.0,"9002 Lakewood Ave., Fort Washington, MD 20744",74,89,96,99,32,32,1,67.33333333333333,73.33333333333333,Good,Excellent
Channing,Stark,male,16,3,7,65.3,"70 Indian Spring St., Bergenfield, NJ 07621",41,31,79,82,33,54,1,51.0,55.666666666666664,Low,Low
Dexter,Knowles,male,18,5,7,75.2,"135 Prospect Rd., Paramus, NJ 07652",73,81,59,94,54,78,1,62.0,84.33333333333333,Medium,Excellent
Kermit,Raymond,male,17,4,13,90.8,"8978 East Union Dr., Conway, SC 29526",38,61,62,38,65,72,1,55.0,57.0,Low,Medium
Anthony,Bishop,male,19,2,5,61.6,"1 Walt Whitman Street, Hartselle, AL 35640",66,74,75,76,37,60,1,59.333333333333336,70.0,Medium,Good
Keaton,Velazquez,male,14,1,9,72.7,"739 Longbranch Lane, Taylors, SC 29687",69,48,91,79,98,77,1,86.0,68.0,Excellent,Good
Adam,Ray,male,18,4,8,74.9,"913 Plumb Branch Dr., Cedar Rapids, IA 52402",100,95,31,60,49,95,1,60.0,83.33333333333333,Medium,Excellent
TaShya,Cote,female,15,5,10,87.5,"539 Sussex Lane, Jamaica Plain, MA 02130",39,65,61,98,61,31,0,53.666666666666664,64.66666666666667,Low,Good
Breanna,Silva,female,16,5,12,86.0,"569 Brook Drive, Tallahassee, FL 32303",78,59,96,33,44,40,0,72.66666666666667,44.0,Good,Low
Xanthus,Schmidt,male,19,2,12,88.9,"8348 Peg Shop Court, Auburn, NY 13021",80,64,34,39,68,87,1,60.666666666666664,63.333333333333336,Medium,Medium
Audrey,Coffey,female,19,1,14,90.5,"496B West Sunnyslope St., Dalton, GA 30721",65,45,53,87,98,75,0,72.0,69.0,Good,Good
Marshall,Cooke,male,18,5,13,86.3,"8147 NW. Summit St., Hudson, NH 03051",61,45,40,51,56,43,1,52.333333333333336,46.333333333333336,Low,Low
Destiny,Hansen,female,18,1,17,91.9,"18 E. Chestnut Street, Sevierville, TN 37876",53,91,100,100,52,65,0,68.33333333333333,85.33333333333333,Good,Excellent
Conan,Kirkland,male,15,5,11,85.2,"31 Joy Ridge Dr., Chillicothe, OH 45601",36,59,98,97,32,59,1,55.333333333333336,71.66666666666667,Low,Good
Venus,Navarro,female,14,1,12,77.0,"875 Coffee Dr., Parkersburg, WV 26101",88,32,99,88,65,31,0,84.0,50.333333333333336,Excellent,Low
Naida,Delacruz,female,17,2,9,70.3,"9280 Lake View Street, Boston, MA 02127",48,89,44,34,82,34,0,58.0,52.333333333333336,Medium,Low
Uriah,Cummings,male,18,3,20,100.0,"444 West Homestead Rd., Lebanon, PA 17042",64,96,86,62,76,82,1,75.33333333333333,80.0,Excellent,Excellent
Barry,Mcgowan,male,16,3,8,69.3,"185 W. Coffee St., Garner, NC 27529",67,89,94,96,46,83,1,69.0,89.33333333333333,Good,Excellent
Hall,Flynn,male,18,2,6,71.9,"746 Campfire Rd., Moncks Corner, SC 29461",51,66,48,50,89,47,1,62.666666666666664,54.333333333333336,Medium,Low
Harriet,Harvey,female,15,3,8,76.1,"790 Oakwood Drive, Willoughby, OH 44094",82,92,68,32,90,57,0,80.0,60.333333333333336,Excellent,Medium
Christopher,Arnold,male,19,2,6,77.9,"76 Primrose Court, Herndon, VA 20170",85,79,41,75,88,98,1,71.33333333333333,84.0,Good,Excellent
Regina,Hays,female,18,3,13,94.7,"7770 West Inverness St., Dacula, GA 30019",83,87,85,61,56,67,0,74.66666666666667,71.66666666666667,Excellent,Good
Nicole,Castillo,female,18,2,8,80.5,"85 West Division Rd., Hagerstown, MD 21740",48,90,78,73,47,91,0,57.666666666666664,84.66666666666667,Medium,Excellent
Devin,Snider,male,16,1,12,88.5,"9151 North Helen Street, Brookline, MA 02446",60,63,43,48,41,34,1,48.0,48.333333333333336,Low,Low
Natalie,Delaney,female,16,4,18,90.8,"10 Glenridge St., Pittsburgh, PA 15206",51,94,45,62,77,62,0,57.666666666666664,72.66666666666667,Medium,Good
Rahim,Nicholson,male,16,4,11,76.1,"7175 Pawnee Drive, Elizabethtown, PA 17022",79,87,76,68,89,62,1,81.33333333333333,72.33333333333333,Excellent,Good
Teagan,Mullins,female,15,1,12,91.3,"12 Stillwater Drive, Nottingham, MD 21236",71,44,49,47,50,66,0,56.666666666666664,52.333333333333336,Medium,Low
Jenette,Moon,female,16,5,12,81.0,"7044 Bohemia St., El Paso, TX 79930",92,71,35,82,65,37,0,64.0,63.333333333333336,Medium,Medium
Brenna,Morse,female,17,3,16,89.0,"83 Richardson Drive, Huntersville, NC 28078",65,88,76,51,52,77,0,64.33333333333333,72.0,Medium,Good
Hayley,Wolf,female,14,1,10,87.3,"50 Hanover Drive, Mechanicsville, VA 23111",55,83,94,33,71,94,0,73.33333333333333,70.0,Excellent,Good
Allistair,Jenkins,male,17,2,11,80.8,"626 Laurel Rd., Oshkosh, WI 54901",64,84,71,73,56,83,1,63.666666666666664,80.0,Medium,Excellent
Jackson,Hester,male,14,5,11,79.5,"7573 Silver Spear St., West Lafayette, IN 47906",93,86,97,61,40,67,1,76.66666666666667,71.33333333333333,Excellent,Good
Sylvia,Logan,female,19,5,9,73.2,"8851 NW. Crescent Dr., Racine, WI 53402",69,75,86,90,85,42,0,80.0,69.0,Excellent,Good
Dante,Terrell,male,14,4,4,63.4,"692 Pin Oak Ave., Freeport, NY 11520",39,91,72,76,38,50,1,49.666666666666664,72.33333333333333,Low,Good
Wynne,Herring,female,15,2,8,71.4,"11 W. Broad Dr., Bethesda, MD 20814",94,90,46,67,90,55,0,76.66666666666667,70.66666666666667,Excellent,Good
Lester,Russell,male,18,5,14,82.0,"89 Lafayette St., Kennewick, WA 99337",96,87,58,65,45,48,1,66.33333333333333,66.66666666666667,Good,Good
Sage,Donovan,female,14,4,12,77.4,"402 Fulton Rd., Elizabethtown, PA 17022",35,48,72,65,48,59,0,51.666666666666664,57.333333333333336,Low,Medium
Raja,Cox,male,14,2,17,90.6,"4 N. Temple Road, Moncks Corner, SC 29461",86,46,86,51,51,71,1,74.33333333333333,56.0,Excellent,Low
Ciara,Rivers,female,17,2,11,86.8,"72 South Young Street, North Tonawanda, NY 14120",49,99,52,92,83,80,0,61.333333333333336,90.33333333333333,Medium,Excellent
